EmployeeID,Name,Department,Age,Salary
1,Employee_1,Marketing,23,91087
2,Employee_2,Sales,53,98840
3,Employee_3,IT,44,84384
4,Employee_4,Sales,43,81005
5,Employee_5,Sales,46,76576
6,Employee_6,Finance,43,69353
7,Employee_7,IT,43,92003
8,Employee_8,IT,27,113211
9,Employee_9,IT,36,82733
10,Employee_10,Sales,58,95318
11,Employee_11,Marketing,54,119474
12,Employee_12,IT,29,53664
13,Employee_13,Operations,26,97172
14,Employee_14,Sales,25,115616
15,Employee_15,Finance,27,56736
16,Employee_16,Marketing,53,30854
17,Employee_17,Operations,51,68623
18,Employee_18,Operations,56,37392
19,Employee_19,Finance,37,85680
20,Employee_20,Marketing,34,76717
21,Employee_21,Sales,51,117092
22,Employee_22,HR,40,80859
23,Employee_23,Marketing,38,56309
24,Employee_24,Finance,40,117455
25,Employee_25,Operations,49,93734
26,Employee_26,Sales,47,100467
27,Employee_27,Marketing,58,82662
28,Employee_28,HR,47,42688
29,Employee_29,HR,44,55342
30,Employee_30,IT,30,67157
31,Employee_31,IT,33,97863
32,Employee_32,Finance,22,82083
33,Employee_33,Marketing,22,95733
34,Employee_34,Marketing,55,119045
35,Employee_35,Operations,53,64698
36,Employee_36,Operations,46,110623
37,Employee_37,Operations,22,52671
38,Employee_38,IT,37,55184
39,Employee_39,Marketing,26,72107
40,Employee_40,Marketing,43,116202
41,Employee_41,HR,50,81663
42,Employee_42,IT,24,45708
43,Employee_43,Sales,33,79811
44,Employee_44,IT,47,32811
45,Employee_45,Sales,37,86250
46,Employee_46,HR,58,102082
47,Employee_47,Finance,43,64754
48,Employee_48,Marketing,50,41411
49,Employee_49,HR,35,32911
50,Employee_50,Marketing,49,97270
51,Employee_51,Operations,26,113763
52,Employee_52,Finance,51,38680
53,Employee_53,Finance,26,114896
54,Employee_54,HR,33,113879
55,Employee_55,Finance,37,101295
56,Employee_56,Sales,47,118614
57,Employee_57,Finance,47,41111
58,Employee_58,Marketing,42,67504
59,Employee_59,Marketing,57,31802
60,Employee_60,Marketing,54,38155
61,Employee_61,Marketing,51,103656
62,Employee_62,Sales,58,69384
63,Employee_63,IT,44,77254
64,Employee_64,Operations,31,51918
65,Employee_65,HR,26,115981
66,Employee_66,Marketing,57,90713
67,Employee_67,Finance,55,60306
68,Employee_68,Marketing,52,46646
69,Employee_69,Finance,31,76843
70,Employee_70,Operations,40,46371
71,Employee_71,Operations,53,107371
72,Employee_72,Operations,22,32049
73,Employee_73,Finance,26,61616
74,Employee_74,Marketing,25,50932
75,Employee_75,Operations,37,59855
76,Employee_76,Sales,45,91434
77,Employee_77,Finance,37,102694
78,Employee_78,Finance,23,73016
79,Employee_79,Marketing,49,37400
80,Employee_80,Finance,53,72642
81,Employee_81,Finance,48,45151
82,Employee_82,Operations,41,81407
83,Employee_83,Marketing,45,96690
84,Employee_84,Operations,33,34499
85,Employee_85,Operations,56,36295
86,Employee_86,Marketing,54,89040
87,Employee_87,HR,54,42183
88,Employee_88,Operations,58,59299
89,Employee_89,Sales,33,42874
90,Employee_90,Sales,24,62711
91,Employee_91,Finance,22,35539
92,Employee_92,Sales,54,83351
93,Employee_93,Finance,31,91267
94,Employee_94,HR,50,78354
95,Employee_95,Marketing,34,32557
96,Employee_96,Marketing,33,68360
97,Employee_97,Marketing,52,112018
98,Employee_98,Sales,23,32200
99,Employee_99,HR,56,98497
100,Employee_100,Sales,44,76975
101,Employee_101,Sales,38,51357
102,Employee_102,HR,47,107505
103,Employee_103,HR,29,32869
104,Employee_104,HR,50,91135
105,Employee_105,HR,47,80108
106,Employee_106,Marketing,31,68467
107,Employee_107,IT,47,53328
108,Employee_108,IT,55,116831
109,Employee_109,HR,28,33987
110,Employee_110,IT,25,88871
111,Employee_111,IT,32,52399
112,Employee_112,HR,50,76214
113,Employee_113,IT,57,116416
114,Employee_114,Sales,46,100271
115,Employee_115,Finance,42,74064
116,Employee_116,Finance,57,100091
117,Employee_117,HR,31,70818
118,Employee_118,Marketing,58,75525
119,Employee_119,HR,30,49830
120,Employee_120,Marketing,45,47429
121,Employee_121,Finance,56,36893
122,Employee_122,HR,56,109909
123,Employee_123,Operations,57,77333
124,Employee_124,Sales,39,33436
125,Employee_125,IT,53,104290
126,Employee_126,Marketing,45,106213
127,Employee_127,Operations,44,35895
128,Employee_128,IT,53,49738
129,Employee_129,IT,58,60746
130,Employee_130,HR,33,79377
131,Employee_131,IT,34,78404
132,Employee_132,Sales,44,84045
133,Employee_133,Operations,46,69790
134,Employee_134,IT,56,35600
135,Employee_135,HR,51,70764
136,Employee_136,Sales,38,104543
137,Employee_137,Finance,41,75714
138,Employee_138,Operations,46,86835
139,Employee_139,IT,43,103744
140,Employee_140,HR,34,86491
141,Employee_141,Finance,40,48589
142,Employee_142,Finance,57,73484
143,Employee_143,Marketing,33,112989
144,Employee_144,Sales,40,66212
145,Employee_145,IT,33,73525
146,Employee_146,HR,30,77202
147,Employee_147,Marketing,28,62635
148,Employee_148,Sales,49,93208
149,Employee_149,Marketing,35,63828
150,Employee_150,Operations,52,48711
151,Employee_151,Sales,40,33420
152,Employee_152,Sales,37,30301
153,Employee_153,IT,26,75236
154,Employee_154,Sales,56,96235
155,Employee_155,Marketing,33,84240
156,Employee_156,Sales,46,95726
157,Employee_157,IT,42,40492
158,Employee_158,IT,57,36102
159,Employee_159,Operations,44,80336
160,Employee_160,Marketing,37,115314
161,Employee_161,Finance,35,56641
162,Employee_162,Finance,52,64584
163,Employee_163,Sales,26,62745
164,Employee_164,Operations,56,53093
165,Employee_165,HR,44,96105
166,Employee_166,Sales,50,81885
167,Employee_167,Operations,32,66631
168,Employee_168,Marketing,39,102991
169,Employee_169,Marketing,33,34014
170,Employee_170,Marketing,30,41093
171,Employee_171,Marketing,31,48070
172,Employee_172,Marketing,38,65777
173,Employee_173,Operations,59,86958
174,Employee_174,Operations,28,112074
175,Employee_175,IT,34,40729
176,Employee_176,Finance,30,75017
177,Employee_177,Marketing,48,96320
178,Employee_178,HR,23,57751
179,Employee_179,Operations,26,108069
180,Employee_180,HR,50,84748
181,Employee_181,HR,58,35801
182,Employee_182,HR,59,49190
183,Employee_183,IT,40,79689
184,Employee_184,Operations,29,80993
185,Employee_185,HR,22,59592
186,Employee_186,Marketing,43,40647
187,Employee_187,Sales,38,38716
188,Employee_188,HR,28,118891
189,Employee_189,IT,46,117545
190,Employee_190,Operations,25,119912
191,Employee_191,IT,57,100316
192,Employee_192,HR,27,32368
193,Employee_193,Operations,52,107575
194,Employee_194,Sales,40,36655
195,Employee_195,HR,48,100031
196,Employee_196,IT,31,106429
197,Employee_197,Finance,47,117922
198,Employee_198,Marketing,40,85766
199,Employee_199,IT,24,43403
200,Employee_200,Operations,34,62097
